<?xml version="1.0" encoding="UTF-8" standalone="yes"?>
<addon id="plugin.video.vrtnu" name="Vrt Nu" provider-name="AnakinzSkywalker" version="0.0.4">
  <requires>
    <import addon="xbmc.python" version="2.1.0"/>
    <import addon="script.module.requests"/>
  </requires>
  <extension point="xbmc.python.pluginsource" library="default.py" provides="video">
    <provides>video</provides>
  </extension>
  <extension point="xbmc.addon.metadata">
    <description lang="en">Watch live channels from Vrt Nu.</description>
    <reuselanguageinvoker>true</reuselanguageinvoker>
    <license></license>
    <language/>
    <website></website>
    <news></news>
  </extension>
</addon>
